Variable,ADF Statistic,ADF p-value,ARCH-LM Statistic,ARCH-LM p-value
AI,-10.527607,0.000000,306.857694,0.000000
ELEC,-8.990776,0.000000,517.721767,0.000000
COAL,-22.704674,0.000000,195.689843,0.000000
GAS,-18.210644,0.000000,40.730958,0.000013
WTI,-6.534231,0.000000,297.574162,0.000000
GOLD,-11.862525,0.000000,54.302222,0.000000
